case_id,plaintiff,defendant,evidence,plaintiff_evidence,defendant_evidence,plaintiff_witness,defendant_witness,plaintiff_record,defendant_record,plaintiff_expert_support,defendant_expert_support,plaintiff_score,defendant_score,verdict,legal_basis
1,Plaintiff claims violation of Right to Equality under Article 14 due to discriminatory hiring practices.,Defendant argues merit-based selection without discrimination.,Employment records and candidate qualifications.,1,1,1,0,1,1,1,0,3,2,Plaintiff,Article 14 - Right to Equality
2,Worker alleges violation of Right to Life under Article 21 due to unsafe working conditions.,Company claims compliance with all safety regulations.,Safety audit reports and accident records.,1,0,1,1,1,1,0,1,3,2,Plaintiff,Article 21 - Right to Life and Personal Liberty
3,Citizen challenges detention without trial under Article 22.,State argues national security concerns justified detention.,Detention orders and legal notices.,0,1,1,0,0,1,1,1,1,3,Defendant,Article 22 - Protection against arrest and detention
4,Plaintiff alleges defamation under Section 499 IPC.,Defendant claims statements were truthful and in public interest.,Published articles and witness testimonies.,0,1,1,1,0,1,0,1,1,3,Defendant,IPC Section 499 - Defamation
5,Landlord files eviction suit under Transfer of Property Act.,Tenant claims protected tenancy rights.,Rent receipts and tenancy agreement.,1,1,0,0,1,1,1,0,2,1,Plaintiff,Transfer of Property Act
6,Consumer alleges fraud under Section 420 IPC.,Seller denies fraudulent intent and provides transaction records.,Purchase receipts and communication logs.,1,0,1,0,1,0,1,1,3,1,Plaintiff,IPC Section 420 - Cheating
7,Wife files for maintenance under Section 125 CrPC.,Husband claims inability to pay due to unemployment.,Income certificates and bank statements.,1,1,1,0,0,1,1,0,2,1,Plaintiff,CrPC Section 125 - Maintenance
8,Employee claims wrongful termination violating Article 19(1)(g).,Employer argues termination for misconduct with proper procedure.,Termination letter and disciplinary records.,0,1,1,1,1,1,0,1,2,3,Defendant,Article 19(1)(g) - Right to practice profession
9,Plaintiff alleges breach of contract under Indian Contract Act.,Defendant claims force majeure circumstances.,Contract documents and correspondence.,1,1,0,1,1,0,1,1,2,2,Neutral,Indian Contract Act Section 56
10,Victim files case under Section 354 IPC for outraging modesty.,Accused denies charges and provides alibi.,Medical reports and eyewitness accounts.,1,0,1,1,1,0,1,0,3,1,Plaintiff,IPC Section 354 - Outraging modesty
11,Property owner claims adverse possession under Limitation Act.,Original owner contests claim with title deeds.,Survey records and possession evidence.,1,1,0,1,1,1,0,1,2,3,Defendant,Limitation Act Article 65
12,Worker files case under Workmen Compensation Act for injury.,Employer denies liability citing worker negligence.,Accident report and medical records.,1,1,1,0,1,0,1,1,3,1,Plaintiff,Workmen Compensation Act 1923
13,Plaintiff alleges violation of Right to Freedom of Speech under Article 19(1)(a).,Government argues reasonable restrictions under Article 19(2).,Published content and government orders.,0,1,1,1,0,1,1,1,2,3,Defendant,Article 19(1)(a) and 19(2)
14,Consumer files case under Consumer Protection Act for defective goods.,Manufacturer claims proper usage instructions were provided.,Product warranty and complaint records.,1,0,1,1,1,1,0,0,2,1,Plaintiff,Consumer Protection Act 2019
15,Plaintiff claims copyright infringement under Copyright Act.,Defendant argues fair use doctrine.,Copyright registration and usage evidence.,1,1,1,0,1,0,1,1,3,1,Plaintiff,Copyright Act 1957
16,Victim files case under Section 498A IPC for cruelty.,Accused claims false allegations for extortion.,Medical reports and witness statements.,1,1,0,1,1,1,1,0,2,2,Neutral,IPC Section 498A - Cruelty by husband
17,Plaintiff alleges medical negligence under tort law.,Doctor claims standard medical procedures were followed.,Medical records and expert opinions.,0,1,1,1,0,1,1,1,2,3,Defendant,Law of Torts - Medical Negligence
18,Employee claims discrimination under Article 16.,Employer argues legitimate business reasons for decision.,Employment records and policy documents.,1,0,1,0,1,1,1,0,2,1,Plaintiff,Article 16 - Equality of opportunity
19,Plaintiff files suit for recovery of money under Civil Procedure Code.,Defendant claims debt was already repaid.,Loan agreement and payment receipts.,1,1,0,1,1,0,1,1,2,2,Neutral,Civil Procedure Code Order 37
20,Accused challenges conviction under Section 302 IPC.,State presents circumstantial evidence and motive.,Forensic reports and eyewitness testimony.,0,1,1,1,0,1,1,1,2,3,Defendant,IPC Section 302 - Murder
21,Plaintiff alleges violation of Right to Privacy under Article 21.,Defendant claims lawful surveillance under proper authorization.,Surveillance records and authorization documents.,1,1,1,0,0,1,1,1,2,2,Neutral,Article 21 - Right to Privacy
22,Minor's guardian claims compensation under Motor Vehicles Act.,Driver argues contributory negligence of victim.,Accident report and medical expenses.,1,0,1,1,1,0,1,1,3,1,Plaintiff,Motor Vehicles Act 1988
23,Plaintiff alleges domestic violence under Protection of Women Act.,Respondent denies allegations and provides character witnesses.,Medical reports and complaint history.,1,1,1,0,0,1,1,0,2,1,Plaintiff,Protection of Women from Domestic Violence Act 2005
24,Employee claims sexual harassment under Vishakha Guidelines.,Employer argues complaint is malicious and false.,Internal committee report and witness statements.,1,0,0,1,1,1,1,0,2,1,Plaintiff,Vishakha Guidelines - Sexual Harassment
25,Plaintiff files PIL for environmental protection under Article 21.,Industry argues compliance with pollution control norms.,Environmental impact assessment and monitoring data.,1,1,1,1,0,1,1,1,3,3,Neutral,Article 21 - Right to clean environment
26,Victim files case under SC/ST Prevention of Atrocities Act.,Accused denies caste-based discrimination.,Complaint records and witness testimonies.,1,0,1,1,1,0,1,0,3,1,Plaintiff,SC/ST Prevention of Atrocities Act 1989
27,Plaintiff claims partition of joint Hindu family property.,Defendant argues improper partition procedure.,Property documents and family records.,1,1,0,1,1,1,0,1,2,3,Defendant,Hindu Succession Act 1956
28,Worker alleges violation of minimum wage under Minimum Wages Act.,Employer claims payments were as per applicable rates.,Salary slips and wage rate notifications.,1,1,1,0,0,1,1,1,2,2,Neutral,Minimum Wages Act 1948
29,Plaintiff files case for divorce under Hindu Marriage Act.,Respondent contests citing no valid grounds.,Marriage certificate and evidence of cruelty.,1,0,1,1,1,0,1,0,3,1,Plaintiff,Hindu Marriage Act 1955 Section 13
30,Accused challenges preventive detention under Article 22.,State argues detention necessary for public order.,Detention order and grounds of detention.,0,1,1,1,0,1,1,1,2,3,Defendant,Article 22 - Preventive detention
31,Plaintiff claims trademark infringement under Trade Marks Act.,Defendant argues different market segment.,Trademark registration and market survey.,1,1,1,0,1,0,1,1,3,1,Plaintiff,Trade Marks Act 1999
32,Employee files case under Payment of Gratuity Act.,Employer argues employee not eligible.,Service records and termination letter.,1,1,0,1,1,1,1,0,2,2,Neutral,Payment of Gratuity Act 1972
33,Plaintiff alleges forgery under Section 463 IPC.,Defendant denies involvement and provides alibi.,Handwriting expert report and documents.,1,0,1,1,1,0,1,1,3,1,Plaintiff,IPC Section 463 - Forgery
34,Tenant claims protection under Rent Control Act.,Landlord seeks eviction for personal use.,Tenancy agreement and eviction notice.,0,1,1,1,1,1,0,1,2,3,Defendant,Rent Control Act
35,Plaintiff files case under Negotiable Instruments Act for dishonored cheque.,Drawer claims insufficient funds due to bank error.,Cheque and bank statements.,1,1,1,0,0,1,1,0,2,1,Plaintiff,Negotiable Instruments Act Section 138
36,Worker claims compensation under Factories Act for injury.,Factory owner argues safety norms were followed.,Inspection reports and accident records.,1,0,1,1,1,1,0,1,3,2,Plaintiff,Factories Act 1948
37,Plaintiff alleges illegal detention under Article 22(1).,Police claim arrest was lawful with proper procedure.,Arrest warrant and station diary.,0,1,1,1,0,1,1,1,2,3,Defendant,Article 22(1) - Rights of arrested person
38,Plaintiff files suit for specific performance under Contract Act.,Defendant argues impossibility of performance.,Sale agreement and correspondence.,1,1,0,1,1,0,1,1,2,2,Neutral,Specific Relief Act 1963
39,Victim files case under Section 376 IPC for rape.,Accused denies charges and claims consensual relationship.,Medical reports and witness statements.,1,0,1,1,1,0,1,0,3,1,Plaintiff,IPC Section 376 - Rape
40,Employee claims unfair labor practice under Industrial Disputes Act.,Management argues business exigency.,Union records and company financials.,1,1,1,0,0,1,1,1,2,2,Neutral,Industrial Disputes Act 1947
41,Plaintiff alleges violation of Right to Education under Article 21A.,School denies admission citing capacity constraints.,Admission records and RTE Act provisions.,1,1,1,1,1,0,1,0,3,1,Plaintiff,Article 21A - Right to Education
42,Plaintiff files case for recovery under Money Lending Act.,Borrower claims usurious interest rates.,Loan documents and interest calculations.,1,0,1,1,1,1,0,0,2,1,Plaintiff,Money Lending Act
43,Accused challenges conviction under Section 307 IPC.,Prosecution presents medical evidence of attempt to murder.,Injury reports and eyewitness accounts.,0,1,1,1,0,1,1,1,2,3,Defendant,IPC Section 307 - Attempt to murder
44,Plaintiff claims injunction under Code of Civil Procedure.,Defendant argues no prima facie case.,Property documents and possession evidence.,1,1,0,1,1,1,1,0,2,2,Neutral,CPC Order 39 - Injunction
45,Worker files case under Equal Remuneration Act.,Employer claims different job responsibilities.,Salary records and job descriptions.,1,1,1,0,0,1,1,1,2,2,Neutral,Equal Remuneration Act 1976
46,Plaintiff alleges arbitrary action violating Article 14.,Authority argues policy was applied uniformly.,Administrative orders and policy documents.,0,1,1,1,1,1,0,1,2,3,Defendant,Article 14 - Reasonable classification
47,Plaintiff files case under Right to Information Act for denied information.,Public authority claims information exempt under Section 8.,RTI application and denial order.,1,1,1,0,0,1,1,0,2,1,Plaintiff,RTI Act 2005
48,Victim files case under Dowry Prohibition Act.,Accused family denies dowry demands.,Marriage gifts list and witness statements.,1,0,1,1,1,0,1,0,3,1,Plaintiff,Dowry Prohibition Act 1961
49,Plaintiff claims patent infringement under Patents Act.,Defendant argues independent invention.,Patent registration and technical analysis.,1,1,1,0,1,1,1,0,3,2,Plaintiff,Patents Act 1970
50,Employee claims retrenchment compensation under Industrial Disputes Act.,Employer argues closure due to financial loss.,Financial statements and closure notice.,0,1,1,1,1,1,0,1,2,3,Defendant,Industrial Disputes Act Section 25F
51,Plaintiff alleges violation of Article 25 freedom of religion.,Authority argues restrictions for public order.,Religious practice evidence and restriction order.,1,1,0,1,1,0,1,1,2,2,Neutral,Article 25 - Freedom of religion
52,Plaintiff files case under Protection of Plant Varieties Act.,Defendant denies unauthorized use of protected variety.,Plant variety registration and cultivation records.,1,1,1,1,0,1,1,1,3,3,Neutral,Protection of Plant Varieties Act 2001
53,Victim files complaint under Prevention of Food Adulteration Act.,Accused claims samples were properly tested.,Lab reports and sample collection evidence.,1,0,1,1,1,0,1,0,3,1,Plaintiff,Prevention of Food Adulteration Act
54,Plaintiff alleges breach of fiduciary duty under Company Law.,Director argues actions were in company interest.,Board resolutions and financial records.,1,1,1,0,0,1,1,1,2,2,Neutral,Companies Act 2013
55,Worker claims benefit under Employees State Insurance Act.,ESIC denies eligibility citing irregular employment.,Employment records and contribution history.,1,1,0,1,1,1,1,0,2,2,Neutral,ESI Act 1948
56,Plaintiff alleges violation of fundamental rights under Article 32.,State argues no fundamental right violation occurred.,Writ petition and government reply.,0,1,1,1,0,1,1,1,2,3,Defendant,Article 32 - Constitutional remedies
57,Plaintiff files case under Geographical Indications Act.,Defendant argues generic use of term.,GI registration and market evidence.,1,1,1,0,1,0,1,1,3,1,Plaintiff,Geographical Indications Act 1999
58,Employee claims maternity benefit under Maternity Benefit Act.,Employer argues employee not eligible due to tenure.,Employment records and medical certificates.,1,1,1,1,0,1,1,0,3,2,Plaintiff,Maternity Benefit Act 1961
59,Plaintiff alleges custodial torture violating Article 21.,Police deny torture and claim lawful interrogation.,Medical examination and custody records.,1,0,1,1,1,0,1,0,3,1,Plaintiff,Article 21 - Protection against torture
60,Plaintiff files suit for declaration under Specific Relief Act.,Defendant contests validity of claimed right.,Title documents and legal opinions.,1,1,0,1,1,1,0,1,2,3,Defendant,Specific Relief Act Section 34
61,Worker files case under Contract Labour Act.,Principal employer denies responsibility.,Labour contract and work records.,1,1,1,0,0,1,1,1,2,2,Neutral,Contract Labour Act 1970
62,Plaintiff alleges age discrimination under Article 15.,Employer argues bona fide occupational qualification.,Job advertisement and selection criteria.,0,1,1,1,1,1,0,1,2,3,Defendant,Article 15 - Prohibition of discrimination
63,Plaintiff files case under Seeds Act for spurious seeds.,Dealer claims seeds were as per specification.,Seed testing reports and purchase invoice.,1,0,1,1,1,0,1,0,3,1,Plaintiff,Seeds Act 1966
64,Plaintiff claims maintenance under Hindu Adoption and Maintenance Act.,Respondent claims plaintiff has independent income.,Income proofs and family status.,1,1,1,0,0,1,1,0,2,1,Plaintiff,Hindu Adoption and Maintenance Act 1956
65,Employee alleges illegal strike break under Trade Unions Act.,Management argues strike was illegal.,Strike notice and management response.,0,1,1,1,1,1,0,1,2,3,Defendant,Trade Unions Act 1926
66,Plaintiff alleges violation of Article 19(1)(c) right to form associations.,Authority argues restrictions under Article 19(4).,Association registration and denial order.,1,1,0,1,0,1,1,1,2,3,Defendant,Article 19(1)(c) and 19(4)
67,Plaintiff files case under Arbitration Act challenging award.,Respondent argues award within arbitrator jurisdiction.,Arbitration agreement and award.,0,1,1,1,1,1,0,1,2,3,Defendant,Arbitration and Conciliation Act 1996
68,Victim files case under Section 506 IPC for criminal intimidation.,Accused denies threatening and provides alibi.,Threat messages and witness statements.,1,0,1,1,1,0,1,0,3,1,Plaintiff,IPC Section 506 - Criminal intimidation
69,Plaintiff claims adverse possession under Limitation Act Article 65.,True owner contests with continuous possession evidence.,Property tax receipts and possession records.,1,1,0,1,1,1,1,0,2,2,Neutral,Limitation Act Article 65
70,Worker claims benefit under Employees Provident Fund Act.,EPFO denies claim citing incomplete documentation.,Service records and PF contributions.,1,1,1,0,0,1,1,1,2,2,Neutral,EPF Act 1952
71,Plaintiff alleges violation of prisoner rights under Article 21.,Jail authorities argue disciplinary action was necessary.,Jail records and prisoner complaint.,1,1,1,1,0,1,1,1,3,3,Neutral,Article 21 - Prisoner rights
72,Plaintiff files case under Designs Act for design infringement.,Defendant argues design is functional not ornamental.,Design registration and product samples.,1,1,1,0,1,1,1,0,3,2,Plaintiff,Designs Act 2000
73,Employee claims wrongful deduction under Payment of Wages Act.,Employer argues lawful deductions under Act.,Wage slips and deduction notices.,0,1,1,1,1,1,0,1,2,3,Defendant,Payment of Wages Act 1936
74,Plaintiff alleges violation of Article 19(1)(d) right to move freely.,Authority argues restrictions for public interest.,Travel restrictions and government order.,1,1,0,1,0,1,1,1,2,3,Defendant,Article 19(1)(d) - Freedom of movement
75,Plaintiff files case under Consumer Protection Act for unfair trade practice.,Company denies misleading advertising.,Advertisements and consumer complaints.,1,0,1,1,1,1,0,0,2,1,Plaintiff,Consumer Protection Act - Unfair trade practice
76,Worker files case under Beedi and Cigar Workers Act.,Employer argues worker is not covered under Act.,Employment nature and work records.,1,1,1,0,0,1,1,1,2,2,Neutral,Beedi and Cigar Workers Act 1966
77,Plaintiff alleges illegal search violating Article 20 and 21.,Police claim search was with proper warrant.,Search warrant and seizure list.,0,1,1,1,0,1,1,1,2,3,Defendant,Article 20 and 21 - Search and seizure
78,Plaintiff files case under Biological Diversity Act.,Defendant argues prior informed consent was obtained.,Bio-resource access documents and permissions.,0,1,1,1,1,1,0,1,2,3,Defendant,Biological Diversity Act 2002
79,Employee claims bonus under Payment of Bonus Act.,Employer argues company incurred loss.,Financial statements and bonus calculation.,1,1,0,1,1,1,1,0,2,2,Neutral,Payment of Bonus Act 1965
80,Plaintiff alleges violation of Article 300A right to property.,Government argues acquisition for public purpose with compensation.,Acquisition notice and compensation offer.,0,1,1,1,1,1,0,1,2,3,Defendant,Article 300A - Right to property
81,Plaintiff files case under Air Act for air pollution.,Industry argues compliance with emission standards.,Emission test reports and pollution board clearance.,0,1,1,1,1,1,0,1,2,3,Defendant,Air (Prevention and Control of Pollution) Act 1981
82,Worker files case under Interstate Migrant Workers Act.,Contractor denies responsibility for welfare.,Registration certificates and worker records.,1,0,1,1,1,0,1,0,3,1,Plaintiff,Interstate Migrant Workers Act 1979
83,Plaintiff alleges illegal phone tapping violating Article 21.,Intelligence agency argues national security necessity.,Interception authorization and surveillance records.,1,1,0,1,0,1,1,1,2,3,Defendant,Article 21 - Privacy and phone tapping
84,Plaintiff files case under Water Act for water pollution.,Company argues treated effluent meets standards.,Water quality reports and treatment records.,0,1,1,1,1,1,0,1,2,3,Defendant,Water (Prevention and Control of Pollution) Act 1974
85,Employee claims leave encashment as per standing orders.,Employer argues no such provision exists.,Service rules and standing orders.,1,1,1,0,0,1,1,0,2,1,Plaintiff,Industrial Employment Standing Orders Act 1946
86,Plaintiff alleges violation of Article 17 against untouchability.,Accused denies practicing untouchability.,Witness statements and complaint records.,1,0,1,1,1,0,1,0,3,1,Plaintiff,Article 17 - Abolition of untouchability
87,Plaintiff files case under Competition Act for anti-competitive practice.,Company argues normal business practice.,Market analysis and competition impact.,0,1,1,1,1,1,0,1,2,3,Defendant,Competition Act 2002
88,Worker claims compensation under Building Workers Act.,Welfare board denies registration eligibility.,Registration documents and work certificates.,1,1,0,1,1,1,1,0,2,2,Neutral,Building and Other Construction Workers Act 1996
89,Plaintiff alleges forced eviction violating Article 21.,Authority argues encroachment on public land.,Land records and eviction notice.,0,1,1,1,1,1,0,1,2,3,Defendant,Article 21 - Right to shelter
90,Plaintiff files case under Electricity Act for illegal disconnection.,Electricity board argues dues were unpaid.,Electricity bills and disconnection notice.,0,1,1,1,1,1,0,1,2,3,Defendant,Electricity Act 2003
91,Employee files case under Shops and Establishments Act.,Shop owner argues compliance with working hours.,Attendance records and shop registration.,1,0,1,1,1,0,1,0,3,1,Plaintiff,Shops and Establishments Act
92,Plaintiff alleges violation of Article 19(1)(e) right to reside.,Authority argues removal for encroachment.,Residence proof and removal order.,1,1,1,0,0,1,1,1,2,2,Neutral,Article 19(1)(e) - Right to reside
93,Plaintiff files case under Information Technology Act for cyber crime.,Accused denies involvement and claims account hacking.,Digital forensics and IP address logs.,1,0,1,1,1,0,1,0,3,1,Plaintiff,Information Technology Act 2000
94,Worker files case under Mines Act for unsafe working conditions.,Mine owner argues safety measures were in place.,Safety inspection reports and accident records.,1,1,1,0,0,1,1,1,2,2,Neutral,Mines Act 1952
95,Plaintiff alleges harassment violating Article 21.,Accused denies charges and provides character witnesses.,Complaint history and witness statements.,1,1,0,1,1,1,1,0,2,2,Neutral,Article 21 - Right to life with dignity
96,Plaintiff files case under Cinematograph Act for censorship violation.,Producer argues freedom of expression under Article 19(1)(a).,Film content and censor board order.,0,1,1,1,1,1,0,1,2,3,Defendant,Cinematograph Act 1952 vs Article 19(1)(a)
97,Employee claims welfare benefits under Plantation Labour Act.,Plantation owner argues worker not covered.,Employment records and plantation registration.,1,1,1,1,0,1,1,1,3,3,Neutral,Plantation Labour Act 1951
98,Plaintiff alleges violation of Article 23 prohibition of forced labour.,Contractor denies bonded labour and provides wage records.,Labour identification and rescue records.,1,0,1,1,1,0,1,0,3,1,Plaintiff,Article 23 - Prohibition of forced labour
99,Plaintiff files case under Dangerous Machines Act for workplace injury.,Factory owner argues worker negligence.,Accident investigation report and safety training records.,1,1,0,1,1,1,1,0,2,2,Neutral,Dangerous Machines (Regulation) Act 1983
100,Employee alleges age-based termination violating Article 14.,Employer argues superannuation as per service rules.,Service rules and termination order.,0,1,1,1,1,1,0,1,2,3,Defendant,Article 14 - Age discrimination
101,Plaintiff files case under Prevention of Corruption Act.,Accused public servant denies bribery allegations.,Trap laying evidence and recovery documents.,1,0,1,1,1,0,1,0,3,1,Plaintiff,Prevention of Corruption Act 1988
102,Worker files case under Dock Workers Act for welfare benefits.,Port trust argues worker not registered.,Registration records and employment proof.,1,1,1,0,0,1,1,1,2,2,Neutral,Dock Workers Act 1986
103,Plaintiff alleges violation of Article 19(1)(b) right to assemble.,Police argue unlawful assembly under IPC Section 141.,Assembly notice and police action report.,1,1,0,1,0,1,1,1,2,3,Defendant,Article 19(1)(b) vs IPC Section 141
104,Plaintiff files case under Prevention of Money Laundering Act.,Accused argues legitimate business transactions.,Financial transactions and source of funds.,0,1,1,1,1,1,0,1,2,3,Defendant,Prevention of Money Laundering Act 2002
105,Employee claims discrimination under Persons with Disabilities Act.,Employer argues reasonable accommodation provided.,Medical certificates and workplace assessment.,1,1,1,0,0,1,1,0,2,1,Plaintiff,Rights of Persons with Disabilities Act 2016
106,Plaintiff alleges violation of Article 29 cultural rights.,Authority argues restrictions for public order.,Cultural practice evidence and restriction order.,1,1,1,1,0,1,1,1,3,3,Neutral,Article 29 - Protection of cultural rights
107,Plaintiff files case under Ancient Monuments Act for unauthorized construction.,Developer argues site not notified monument.,Archaeological survey and notification.,0,1,1,1,1,1,0,1,2,3,Defendant,Ancient Monuments and Archaeological Sites Act 1958
108,Worker files case under Sales Promotion Employees Act for termination.,Employer argues misconduct justified termination.,Disciplinary proceedings and termination order.,0,1,1,1,1,1,0,1,2,3,Defendant,Sales Promotion Employees Act 1976
109,Plaintiff alleges illegal confinement under Section 342 IPC.,Accused denies forceful confinement.,Witness testimonies and location evidence.,1,0,1,1,1,0,1,0,3,1,Plaintiff,IPC Section 342 - Wrongful confinement
110,Plaintiff files case under Wildlife Protection Act.,Accused argues no hunting intent and mistaken identity.,Forest department report and seized articles.,0,1,1,1,1,1,0,1,2,3,Defendant,Wildlife Protection Act 1972
111,Employee claims compensation under Apprentices Act.,Establishment argues apprenticeship completed.,Training records and apprenticeship contract.,1,1,0,1,1,1,1,0,2,2,Neutral,Apprentices Act 1961
112,Plaintiff alleges violation of Article 30 minority rights to establish institution.,State argues institution not eligible for minority status.,Institution registration and religious composition.,1,1,1,0,0,1,1,1,2,2,Neutral,Article 30 - Minority rights
113,Plaintiff files case under Insecticides Act for substandard product.,Manufacturer argues proper quality certification.,Testing reports and manufacturing license.,0,1,1,1,1,1,0,1,2,3,Defendant,Insecticides Act 1968
114,Worker files case under Cine Workers Act for welfare benefits.,Producer argues worker not regularly employed.,Employment records and work certificates.,1,1,1,0,0,1,1,1,2,2,Neutral,Cine Workers and Cinema Theatre Workers Act 1981
115,Plaintiff alleges defamation through publication under Section 501 IPC.,Defendant argues truth and public good defense.,Published material and evidence of truth.,0,1,1,1,1,1,0,1,2,3,Defendant,IPC Section 501 - Printing defamatory matter
116,Plaintiff files case under Forest Rights Act for forest land rights.,Forest department contests claim.,Settlement records and occupation evidence.,1,1,1,1,0,1,1,1,3,3,Neutral,Scheduled Tribes and Forest Rights Act 2006
117,Employee alleges victimization under Whistleblowers Protection Act.,Employer denies retaliation for complaint.,Complaint timeline and employment actions.,1,0,1,1,1,0,1,0,3,1,Plaintiff,Whistleblowers Protection Act 2014
118,Plaintiff alleges violation of Article 27 prohibition of religious tax.,Authority argues general tax not religious.,Tax notification and religious institution status.,0,1,1,1,1,1,0,1,2,3,Defendant,Article 27 - Religious tax prohibition
119,Plaintiff files case under Drugs and Cosmetics Act.,Accused argues proper licensing and standards.,Drug testing reports and license documents.,0,1,1,1,1,1,0,1,2,3,Defendant,Drugs and Cosmetics Act 1940
120,Worker files case under Journalists Act for service conditions.,Media house argues worker is freelancer.,Employment contract and work pattern.,1,1,1,0,0,1,1,1,2,2,Neutral,Working Journalists Act 1955
121,Plaintiff alleges assault under Section 323 IPC.,Accused claims self-defense under Section 96.,Medical reports and eyewitness accounts.,1,0,1,1,1,0,1,0,3,1,Plaintiff,IPC Section 323 - Voluntarily causing hurt
122,Plaintiff files case under Essential Commodities Act for hoarding.,Trader argues stock for normal business.,Stock registers and sale records.,0,1,1,1,1,1,0,1,2,3,Defendant,Essential Commodities Act 1955
123,Employee claims gratuity under state-specific act.,Employer argues gratuity already paid.,Payment receipts and settlement documents.,0,1,1,1,1,1,0,1,2,3,Defendant,State Gratuity Acts
124,Plaintiff alleges abetment of suicide under Section 306 IPC.,Accused denies instigation or aiding.,Suicide note and circumstantial evidence.,1,0,1,1,1,0,1,0,3,1,Plaintiff,IPC Section 306 - Abetment of suicide
125,Plaintiff files case under Fertilizers Act for adulterated fertilizer.,Dealer argues proper quality certification.,Chemical analysis and sale invoice.,1,0,1,1,1,0,1,0,3,1,Plaintiff,Fertilizers (Control) Order 1985
126,Worker files case under Mica Mines Labour Welfare Fund Act.,Mine owner argues contributions made.,Contribution receipts and worker registration.,0,1,1,1,1,1,0,1,2,3,Defendant,Mica Mines Labour Welfare Fund Act 1946
127,Plaintiff alleges theft under Section 379 IPC.,Accused denies possession of stolen property.,Recovery panchnama and ownership proof.,1,0,1,1,1,0,1,0,3,1,Plaintiff,IPC Section 379 - Theft
128,Plaintiff files case under Prize Competition Act.,Organizer argues competition is skill-based.,Competition rules and prize distribution records.,0,1,1,1,1,1,0,1,2,3,Defendant,Prize Competitions Act 1955
129,Employee alleges retrenchment without notice under Standing Orders.,Employer argues proper notice given.,Service records and notice documents.,0,1,1,1,1,1,0,1,2,3,Defendant,Certified Standing Orders
130,Plaintiff alleges criminal breach of trust under Section 406 IPC.,Accused argues no entrustment of property.,Property documents and transaction records.,1,0,1,1,1,0,1,0,3,1,Plaintiff,IPC Section 406 - Criminal breach of trust
131,Plaintiff files case under Transplantation of Human Organs Act.,Accused denies illegal organ trade.,Medical records and financial transactions.,1,0,1,1,1,0,1,0,3,1,Plaintiff,Transplantation of Human Organs Act 1994
132,Worker files case under Limestone and Dolomite Mines Labour Welfare Fund Act.,Mine owner argues worker not covered.,Worker registration and mine records.,1,1,1,0,0,1,1,1,2,2,Neutral,Limestone and Dolomite Mines Labour Welfare Fund Act 1972
133,Plaintiff alleges mischief causing damage under Section 426 IPC.,Accused denies causing damage.,Damage assessment and eyewitness accounts.,1,0,1,1,1,0,1,0,3,1,Plaintiff,IPC Section 426 - Mischief
134,Plaintiff files case under Pre-natal Diagnostic Techniques Act.,Clinic denies sex determination.,Investigation report and clinic records.,1,0,1,1,1,0,1,0,3,1,Plaintiff,PC-PNDT Act 1994
135,Employee claims benefit under Iron Ore Mines Labour Welfare Fund Act.,Mine owner argues cessation of employment.,Employment records and welfare fund contributions.,1,1,1,0,0,1,1,1,2,2,Neutral,Iron Ore Mines Labour Welfare Fund Act 1976
136,Plaintiff alleges house-trespass under Section 442 IPC.,Accused claims lawful entry.,Property documents and entry evidence.,1,0,1,1,1,0,1,0,3,1,Plaintiff,IPC Section 442 - House-trespass
137,Plaintiff files case under Emblems and Names Act for unauthorized use.,User argues no commercial exploitation.,Logo usage evidence and authorization.,0,1,1,1,1,1,0,1,2,3,Defendant,Emblems and Names (Prevention of Improper Use) Act 1950
138,Worker files case under Manganese Ore Mines Labour Welfare Fund Act.,Employer argues proper welfare contributions made.,Contribution records and welfare board receipts.,0,1,1,1,1,1,0,1,2,3,Defendant,Manganese Ore Mines Labour Welfare Fund Act 1987
139,Plaintiff alleges extortion under Section 384 IPC.,Accused denies threatening for property.,Threat evidence and property transaction.,1,0,1,1,1,0,1,0,3,1,Plaintiff,IPC Section 384 - Extortion
140,Plaintiff files case under Cigarettes Act for misleading packaging.,Tobacco company argues compliance with regulations.,Package samples and statutory warnings.,0,1,1,1,1,1,0,1,2,3,Defendant,Cigarettes and Other Tobacco Products Act 2003
141,Employee claims benefit under Coal Mines Labour Welfare Fund Act.,Coal company argues worker transferred.,Transfer orders and welfare fund records.,1,1,0,1,1,1,1,0,2,2,Neutral,Coal Mines Labour Welfare Fund Act 1947
142,Plaintiff alleges robbery under Section 392 IPC.,Accused denies involvement and provides alibi.,Identification parade and stolen property recovery.,1,0,1,1,1,0,1,0,3,1,Plaintiff,IPC Section 392 - Robbery
143,Plaintiff files case under Legal Metrology Act for short measurement.,Trader argues calibrated instruments used.,Inspection report and measurement records.,1,0,1,1,1,0,1,0,3,1,Plaintiff,Legal Metrology Act 2009
144,Worker files case under Chrome Ore Mines Labour Welfare Fund Act.,Mine contractor argues worker not on rolls.,Employment contract and attendance records.,1,1,1,0,0,1,1,1,2,2,Neutral,Chrome Ore Mines Labour Welfare Fund Act 2005
145,Plaintiff alleges dacoity under Section 395 IPC.,Accused denies being part of criminal assembly.,Witness identification and recovered articles.,1,0,1,1,1,0,1,0,3,1,Plaintiff,IPC Section 395 - Dacoity
146,Plaintiff files case under Drugs and Magic Remedies Act for false advertisement.,Advertiser argues claims are substantiated.,Advertisement material and scientific evidence.,1,0,1,1,1,1,0,0,2,1,Plaintiff,Drugs and Magic Remedies (Objectionable Advertisements) Act 1954
147,Employee alleges non-payment of provident fund contributions.,Employer claims contributions were deposited.,PF challan receipts and account statements.,0,1,1,1,1,1,0,1,2,3,Defendant,EPF Act - Employer obligations
148,Plaintiff alleges kidnapping under Section 363 IPC.,Accused denies taking person from lawful guardianship.,Missing person report and recovery circumstances.,1,0,1,1,1,0,1,0,3,1,Plaintiff,IPC Section 363 - Kidnapping
149,Plaintiff files case under Cable Television Networks Act for unauthorized broadcast.,Operator argues proper registration and licensing.,Registration certificate and broadcast logs.,0,1,1,1,1,1,0,1,2,3,Defendant,Cable Television Networks Act 1995
150,Worker files case under Labour Welfare Fund Act for welfare benefits.,Establishment argues contributions made to welfare fund.,Welfare fund receipts and worker registration.,0,1,1,1,1,1,0,1,2,3,Defendant,State Labour Welfare Fund Acts
